{"cameraMode":{"drawMode":0,"name":"Shaded","section":"Shading Mode"},"sceneLighting":true,"audioPlay":false,"sceneViewState":{"m_AlwaysRefresh":true,"showFog":true,"showSkybox":true,"showFlares":true,"showImageEffects":true,"showParticleSystems":true,"showVisualEffectGraphs":true,"m_FxEnabled":true},"in2DMode":false,"pivot":{"x":-0.03584480285644531,"y":-0.021917343139648439,"z":4.632423400878906},"rotation":{"x":0.2902865409851074,"y":-0.047343965619802478,"z":0.01438072882592678,"w":0.9556600451469421},"size":14.510504722595215,"orthographic":false}