{"cameraMode":{"drawMode":0,"name":"Shaded","section":"Shading Mode"},"sceneLighting":true,"audioPlay":false,"sceneViewState":{"m_AlwaysRefresh":true,"showFog":true,"showSkybox":true,"showFlares":true,"showImageEffects":true,"showParticleSystems":true,"showVisualEffectGraphs":true,"m_FxEnabled":true},"in2DMode":false,"pivot":{"x":-0.001222372055053711,"y":1.2606797218322755,"z":0.1588963270187378},"rotation":{"x":-0.3592333197593689,"y":0.01567397452890873,"z":-0.006034397520124912,"w":-0.9330980777740479},"size":9.503111839294434,"orthographic":true}