{"cameraMode":{"drawMode":0,"name":"Shaded","section":"Shading Mode"},"sceneLighting":false,"audioPlay":false,"sceneViewState":{"m_AlwaysRefresh":true,"showFog":true,"showSkybox":false,"showFlares":true,"showImageEffects":true,"showParticleSystems":true,"showVisualEffectGraphs":true,"m_FxEnabled":true},"in2DMode":false,"pivot":{"x":2.384185791015625e-7,"y":1.2606797218322755,"z":-2.384185791015625e-7},"rotation":{"x":0.35730665922164919,"y":-0.008405717089772225,"z":0.0032158459071069957,"w":0.9339436888694763},"size":2.490279197692871,"orthographic":false}