{"cameraMode":{"drawMode":0,"name":"Shaded","section":"Shading Mode"},"sceneLighting":false,"audioPlay":false,"sceneViewState":{"showFog":true,"showMaterialUpdate":true,"showSkybox":false,"showFlares":true,"showImageEffects":true,"showParticleSystems":true},"in2DMode":false,"pivot":{"x":0.03396749496459961,"y":2.3400440216064455,"z":2.770094156265259},"rotation":{"x":0.04344412311911583,"y":-0.9503214359283447,"z":0.15471987426280976,"w":0.26669976115226748},"size":2.8578836917877199,"orthographic":false}