{"cameraMode":{"drawMode":0,"name":"Shaded","section":"Shading Mode"},"sceneLighting":false,"audioPlay":false,"sceneViewState":{"showFog":true,"showMaterialUpdate":true,"showSkybox":false,"showFlares":true,"showImageEffects":true,"showParticleSystems":true},"in2DMode":false,"pivot":{"x":-0.8434627056121826,"y":3.3650758266448976,"z":5.3108134269714359},"rotation":{"x":0.11948062479496002,"y":0.37755289673805239,"z":0.04927888512611389,"w":-0.9169626832008362},"size":6.788331508636475,"orthographic":false}