{"cameraMode":{"drawMode":0,"name":"Shaded","section":"Shading Mode"},"sceneLighting":false,"audioPlay":false,"sceneViewState":{"showFog":true,"showMaterialUpdate":true,"showSkybox":false,"showFlares":true,"showImageEffects":true,"showParticleSystems":true},"in2DMode":false,"pivot":{"x":-311.0259704589844,"y":447.45654296875,"z":170.705078125},"rotation":{"x":0.24606113135814668,"y":-0.11741862446069718,"z":0.030044421553611757,"w":0.9616475105285645},"size":2423.197998046875,"orthographic":false}