{"cameraMode":{"drawMode":0,"name":"Shaded","section":"Shading Mode"},"sceneLighting":false,"audioPlay":false,"sceneViewState":{"showFog":true,"showMaterialUpdate":true,"showSkybox":false,"showFlares":true,"showImageEffects":true,"showParticleSystems":true},"in2DMode":false,"pivot":{"x":313.4803771972656,"y":679.679931640625,"z":158.29742431640626},"rotation":{"x":0.23487190902233125,"y":-0.23487180471420289,"z":0.05859848111867905,"w":0.9414021372795105},"size":909.1365356445313,"orthographic":false}